product_desc,parent,child
root,,root
Mobile Phones,root,Mobile Phones
TVs,root,TVs
CPUs,root,CPUs
Digital Cameras,root,Digital Cameras
Microwaves,root,Microwaves
Dishwashers,root,Dishwashers
Washing Machines,root,Washing Machines
Freezers,root,Freezers
Fridge Freezers,root,Fridge Freezers
Fridges,root,Fridges
PID:1,Mobile Phones,apple iphone 8 plus 64gb silver
PID:2,Mobile Phones,apple iphone 8 plus 64 gb spacegrau
PID:3,Mobile Phones,apple mq8n2b/a iphone 8 plus 64gb 5.5 12mp sim free smartphone in gold
PID:4,Mobile Phones,apple iphone 8 plus 64gb space grey
PID:5,Mobile Phones,apple iphone 8 plus gold 5.5 64gb 4g unlocked sim free
PID:6,Mobile Phones,apple iphone 8 plus gold 5.5 64gb 4g unlocked sim free
PID:7,Mobile Phones,apple iphone 8 plus 64 gb space grey
PID:8,Mobile Phones,apple iphone 8 plus 64gb space grey
PID:9,Mobile Phones,apple iphone 8 plus 64gb space grey
PID:10,Mobile Phones,apple iphone 8 plus 64gb space grey
PID:11,Mobile Phones,apple iphone 8 plus 5.5 single sim 4g 64gb silver
PID:12,Mobile Phones,sim free iphone 8 plus 64gb by apple space grey
PID:13,Mobile Phones,apple iphone 8 plus 64gb gold smartphone
PID:14,Mobile Phones,apple iphone 8 plus 5.5 single sim 4g 64gb grey
PID:15,Mobile Phones,apple iphone 8 plus silver 5.5 64gb 4g unlocked sim free
PID:16,Mobile Phones,apple iphone 8 plus 64 gb silver
PID:17,Mobile Phones,apple iphone 8 plus 64gb silver unlocked
PID:18,Mobile Phones,apple iphone 8 plus 14 cm 5.5 64 gb 12 mp ios 11 silver
PID:19,Mobile Phones,iphone 8 plus sim free water dust resistant 64gb silver by apple
PID:20,Mobile Phones,iphone 8 plus 64gb space grey
PID:21,Mobile Phones,apple iphone 8 plus
PID:22,Mobile Phones,sim free iphone 8 plus 64gb mobile phone space grey
PID:23,Mobile Phones,apple mq8m2b/a 5.5 iphone 8 plus 64gb silver in stock uk spec stock
PID:24,Mobile Phones,apple mnqq2b/a iphone 7 plus 32gb 5.5 12mp sim free smartphone in rose gold
PID:25,Mobile Phones,apple iphone 7 plus 32 gb rose gold
PID:26,Mobile Phones,apple iphone 7 plus 32gb rose gold
PID:27,Mobile Phones,apple iphone 7 plus 32gb silver
PID:28,Mobile Phones,apple iphone 7 plus silver 32gb 4g unlocked sim free
PID:29,Mobile Phones,apple iphone 7 plus silver 32gb 4g unlocked sim free
PID:30,Mobile Phones,apple iphone 7 plus jet black 32 gb
PID:31,Mobile Phones,apple iphone 7 plus 32gb silver
PID:32,Mobile Phones,apple iphone 7 plus 32gb black
PID:33,Mobile Phones,apple iphone 7 plus 32gb black
PID:34,Mobile Phones,apple iphone 7 plus 5.5 single sim 4g 3gb 32gb 2900mah silver
PID:35,Mobile Phones,iphone 7 plus 32gb black
PID:36,Mobile Phones,sim free iphone 7 plus 32gb by apple black
PID:37,Mobile Phones,apple iphone 7 plus 5.5 single sim 4g 3gb 32gb 2900mah pink gold
PID:38,Mobile Phones,apple iphone 7 plus 32gb schwarz smartphone
PID:39,Mobile Phones,apple iphone 7 plus rose gold 5.5 32gb 4g unlocked sim free
PID:40,Mobile Phones,sim free iphone 7 plus 32gb mobile phone silver
PID:41,Mobile Phones,apple iphone 7 plus 5.5 inch multi touch 32gb wlan wwan bluetooth c
PID:42,Mobile Phones,apple iphone 7 plus 32gb rosegold 3 brand new
PID:43,Mobile Phones,iphone 7 plus 32gb silver
PID:44,Mobile Phones,apple iphone 7 plus
PID:45,Mobile Phones,iphone 7 plus 32gb rose gold mnqq2b/a wc01
PID:46,Mobile Phones,apple grade b iphone 7 32gb gold handset only
PID:47,Mobile Phones,grade b apple iphone 7 32gb silver handset only
PID:48,Mobile Phones,apple mn8x2b/a iphone 7 32gb 4.7 12mp sim free smartphone in black
PID:49,Mobile Phones,apple iphone 7 32 gb matt schwarz
PID:50,Mobile Phones,iphone 7 32gb gold
PID:51,Mobile Phones,apple iphone 7 black 32 gb
PID:52,Mobile Phones,apple iphone 7 32gb silver
PID:53,Mobile Phones,apple iphone 7 32gb black
PID:54,Mobile Phones,apple iphone 7 32gb silver unlocked
PID:55,Mobile Phones,apple iphone 7 32gb rose gold unlocked
PID:56,Mobile Phones,apple iphone 7 32gb schwarz smartphone
PID:57,Mobile Phones,apple iphone 7 32gb gold
PID:58,Mobile Phones,apple iphone 7 black 4.7 32gb 4g unlocked sim free
PID:59,Mobile Phones,apple iphone 7 4.7 single sim 4g 2gb 32gb 1960mah gold
PID:60,Mobile Phones,apple iphone 7 4.7 single sim 4g 2gb 32gb 1960mah black
PID:61,Mobile Phones,sim free iphone 7 32gb mobile phone jet black
PID:62,Mobile Phones,apple iphone 7 11.9 cm 4.7 32 gb 12 mp ios 10 black
PID:63,Mobile Phones,apple iphone 7 32gb jet black
PID:64,Mobile Phones,apple iphone 7 32gb silver unlocked brand new
PID:65,Mobile Phones,iphone 7 32gb black
PID:66,Mobile Phones,apple iphone 7
PID:67,Mobile Phones,iphone 7 32gb black mn8x2b/a wc01
PID:68,Mobile Phones,startech.com usb c to hdmi multi monitor adapter 3 port mst hub usb type c to hdmi monitor splitter usb 3.1 type c black
PID:69,Mobile Phones,startech.com usb c to hdmi multi monitor adapter 3 port mst hub usb type c to hdmi monitor splitter usb 3.1 type c black
PID:70,Mobile Phones,grade b apple iphone 8 64gb gold handset only
PID:71,Mobile Phones,grade b apple iphone 8 64gb gold handset only
PID:72,Mobile Phones,apple iphone 8 64gb space grey
PID:73,Mobile Phones,apple iphone 8 smartphone 64gb 4.7 zoll spacegrau
PID:74,Mobile Phones,apple iphone 8 64 gb silber
PID:75,Mobile Phones,apple iphone 8 64gb schwarz smartphone
PID:76,Mobile Phones,apple iphone 8 space grey 4.7 64gb 4g unlocked sim free
PID:77,Mobile Phones,apple iphone 8 64 gb space grey
PID:78,Mobile Phones,apple iphone 8 64gb gold
PID:79,Mobile Phones,apple iphone 8 64gb gold
PID:80,Mobile Phones,apple iphone 8 64gb space grey
PID:81,Mobile Phones,apple iphone 8 64gb space grey
PID:82,Mobile Phones,apple iphone 8 4.7 single sim 4g 64gb silver
PID:83,Mobile Phones,apple iphone 8 4.7 single sim 4g 64gb grey
PID:84,Mobile Phones,apple iphone 8 64 gb spaceship grey
PID:85,Mobile Phones,apple iphone 8 4.7 inch multi touch retina hd display 64gb wlan wwa
PID:86,Mobile Phones,iphone 8 64gb space grey
PID:87,Mobile Phones,apple iphone 8
PID:88,Mobile Phones,sim free iphone 8 64gb mobile phone space grey
PID:89,Mobile Phones,apple mq6g2b/a 4.7 iphone 8 64gb space grey in stock uk spec stock
PID:90,Mobile Phones,apple iphone x 64gb space grey
PID:91,Mobile Phones,apple mqac2b/a iphone x 64gb 4.8 12mp sim free smartphone in space grey
PID:92,Mobile Phones,apple iphone x 64 gb spacegrau
PID:93,Mobile Phones,apple iphone x 14.7 cm 5.8 64 gb single sim 4g grey
PID:94,Mobile Phones,apple iphone x 64gb grau smartphone
PID:95,Mobile Phones,apple iphone x 64 gb silver
PID:96,Mobile Phones,apple iphone x space grey 5.8 64gb 4g unlocked sim free
PID:97,Mobile Phones,apple iphone x space grey 5.8 64gb 4g unlocked sim free
PID:98,Mobile Phones,iphone x 64gb silver
PID:99,Mobile Phones,apple iphone x 64 gb silver
PID:100,Mobile Phones,apple iphone x 64gb space grey
PID:101,Mobile Phones,apple iphone x 64gb silver
PID:10035,TVs,samsung ue49nu7100 49 ultra hd certified hdr smart 4k tv
PID:10036,TVs,49inch uhd 4k led smart tv hdr 10 tvplus
PID:10037,TVs,ue49nu7100 49 inch 4k ultra hd hdr smart led tv
PID:10038,TVs,samsung ue49nu7100 49 smart 4k ultra hd hdr led tv
PID:10039,TVs,samsung ue49nu7100 49 inch 4k ultra hd certified hdr smart tv charcoal black 2018 model energy class a
PID:10040,TVs,samsung ue49nu7100/ue49nu7100
PID:10041,TVs,samsung nu7100 led tv in charcoal black
PID:10042,TVs,samsung 49 black nu7100 ultra hd certified hdr smart 4k tv ue49nu7100kxxu
PID:10043,TVs,samsung ue49nu7100 49 inch 4k ultra hd certified hdr smart tv charcoal black 2018 model energy class a
PID:10044,TVs,samsung 49 inch 49nu7100 smart 4k uhd tv with hdr
PID:10045,TVs,samsung ue49nu7100 49 4k ultra hd smart led tv
PID:10046,TVs,samsung ue49nu7100 49 7 series hdr compatible 4k led tv
PID:10047,TVs,samsung ue49nu7100 49 4k ultra hd hdr led smart tv with freeview hd
PID:10048,TVs,samsung ue49nu7100 49 4k ultra hd hdr led smart tv with freeview hd
PID:10050,TVs,samsung 49 inch nu7100 4k ultra hd certified hdr smart tv
PID:10051,TVs,samsung ue49nu7100 49 4k hdr ultra hd smart led tv in black 1300 pqi
PID:10052,TVs,samsung 49 nu7100 ultra hd certified hdr smart 4k tv
PID:10053,TVs,samsung ue49nu7100k 49 4k ultra hd smart tv wi fi black led tv
PID:10054,TVs,samsung ue49nu7100k 49 4k ultra hd smart tv wi fi black led tv
PID:10055,TVs,samsung ue49nu7100 49 4k ultra hd tv
PID:10056,TVs,samsung ue49nu7100kxxu 49 smart hdr 4k uhd television
PID:10057,TVs,49 inch ultra hd 4k freeview certified hdr smart tv ue49nu7100 by samsung
PID:10058,TVs,samsung ue49nu7100 49 inch ultra hd 4k freeview certified hdr smart tv
PID:10059,TVs,samsung ue49nu7100kxxu uhd smart tv ue49nu7100kxxu c2000
PID:10060,TVs,samsung ue65nu7100 65 4k hdr smart led television freeviewhd
PID:10061,TVs,samsung ue65nu7100 65 inch 4k ultra hd certified hdr smart tv charcoal black 2018 model energy class a
PID:10062,TVs,65inch uhd 4k led smart tv hdr 10 twin tuner tvplus
PID:10063,TVs,samsung ue65nu7100 65 ultra hd certified hdr smart 4k tv
PID:10064,TVs,ue65nu7100 65 inch 4k ultra hd hdr smart led tv
PID:10065,TVs,samsung ue65nu7100 65 7 series hdr compatible 4k led tv
PID:10066,TVs,samsung ue65nu7100 65 4k ultra hd hdr led smart tv with freeview hd
PID:10067,TVs,samsung ue65nu7100 65 4k ultra hd hdr led smart tv with freeview hd
PID:10068,TVs,samsung ue65nu7100k 65 4k ultra hd smart tv wi fi black led tv
PID:10069,TVs,samsung ue65nu7100 65 smart 4k ultra hd hdr led tv
PID:10070,TVs,samsung ue65nu7100 65 inch 4k ultra hd certified hdr smart tv charcoal black 2018 model energy class a
PID:10071,TVs,samsung ue65nu7100/ue65nu7100
PID:10072,TVs,samsung nu7100 led tv in charcoal black
PID:10073,TVs,samsung ue65nu7100 65 4k hdr ultra hd smart led tv in black 1300 pqi
PID:10074,TVs,samsung 65 nu7100 ultra hd hdr smart 4k tv
PID:10075,TVs,samsung ue65nu7100 65 4k ultra hd smart led tv
PID:10076,TVs,samsung 65 7 series black ultra hd 4k dynamic crystal colour hdr smart tv ue65nu7100kxxu
PID:10077,TVs,samsung ue65nu7100k 65 4k ultra hd smart tv wi fi black led tv
PID:10079,TVs,samsung 65 inch nu7100 4k ultra hd certified hdr smart tv
PID:10080,TVs,samsung ue65nu7100kxxu 65 smart hdr 4k uhd television
PID:10081,TVs,samsung ue65nu7100 65 inch ultra hd freeview 4k certified hdr smart tv
PID:10082,TVs,samsung 65 inch 65nu7100 smart 4k uhd tv with hdr
PID:10083,TVs,samsung ue65nu7100kxxu uhd smart tv ue65nu7100kxxu c2000
PID:10084,TVs,samsung ue75nu8000 75 4k premium ultrahd smart 100hz led tv
PID:10085,TVs,samsung ue75nu8000 75 inch 4k ultra hd hdr smart tv
PID:10086,TVs,samsung ue75nu8000 75 inch dynamic crystal colour 4k ultra hd certified hdr 1000 smart tv black/silver 2018 model energy class a
PID:10087,TVs,samsung 75 inch nu8000 4k ultra hd certified dynamic crystal colour hdr smart tv
PID:10088,TVs,samsung ue75nu8000 75 4k ultra hd hdr led smart tv with 5 year warranty
PID:10089,TVs,samsung ue75nu8000 75 ultra hd certified hdr 1000 smart 4k tv
PID:10090,TVs,ue75nu8000 75 inch 4k ultra hd hdr 1000 smart led tv
PID:10091,TVs,samsung ue75nu8000 75 smart 4k ultra hd hdr led tv
PID:10092,TVs,samsung ue75nu8000 nu8000/ue75nu8000 nu8000
PID:10093,TVs,samsung nu8000 led tv in black silver
PID:10094,TVs,samsung ue75nu8000 75 4k ultra hd certified hdr 1000 smart led tv
PID:10096,TVs,samsung ue75nu8000 75 4k ultra hd smart led tv
PID:10097,TVs,samsung ue75nu8000txxu 75 hdr extreme 4k ultra hd smart tv
PID:10098,TVs,75inch uhd 4k led smart tv hdr1000 tvplus twin tuners
PID:10099,TVs,samsung ue75nu8000 75 8 series hdr1000 flat led tv
PID:10100,TVs,samsung ue75nu8000t 75 4k ultra hd smart tv wi fi black silver
PID:10101,TVs,samsung 75 8 series black ultra hd 4k dynamic crystal colour hdr 1000 smart tv ue75nu8000txxu
PID:10102,TVs,samsung ue75nu8000 75 4k ultra hd tv
PID:10103,TVs,samsung ue75nu8000txzg fernseher premium uhd
PID:10104,TVs,samsung 49 inch nu8000 4k ultra hd certified dynamic crystal colour hdr smart tv
PID:10105,TVs,samsung ue49nu8000 49 inch dynamic crystal colour 4k ultra hd certified hdr 1000 smart tv black 2018 model
PID:10106,TVs,samsung ue49nu8000 49 inch dynamic crystal colour 4k ultra hd certified hdr 1000 smart tv black 2018 model
PID:10107,TVs,samsung 49 nu8000 ultra hd hdr 1000 smart 4k tv
PID:10108,TVs,samsung ue49nu8000t 49 4k ultra hd smart tv wi fi black silver led tv
PID:10109,TVs,samsung ue49nu8000 49 4k ultra hd hdr led smart tv with 5 year warranty
PID:10110,TVs,samsung 49 nu8000 4k ultrahd hdr1000 dynamic crystal colour smart led tv
PID:10111,TVs,ue49nu8000 49 inch 4k ultra hd hdr 1000 smart led tv
PID:10112,TVs,samsung ue49nu8000 49 smart 4k ultra hd hdr led tv
PID:10113,TVs,samsung ue49nu8000 49 ultra hd certified hdr 1000 smart 4k tv
PID:10114,TVs,samsung nu8000 led tv in black silver
PID:10115,TVs,samsung ue49nu8000 49 4k ultra hd hdr led smart tv with 5 year warranty
PID:10116,TVs,49inch uhd 4k led smart tv hdr1000 tvplus twin tuners
PID:10117,TVs,samsung 49 inch 49nu8000 smart 4k uhd tv with hdr
PID:10118,TVs,samsung ue49nu8000 49 4k ultra hd certified hdr 1000 smart led tv
PID:10119,TVs,samsung ue49nu8000 49 4k ultra hd smart led tv
PID:10121,TVs,samsung ue49nu8000 49 8 series hdr1000 flat led tv
PID:10122,TVs,samsung ue49nu8000 49 4k hdr premium smart android led tv freeviewhd
PID:10123,TVs,samsung 49 8 series black ultra hd 4k dynamic crystal colour hdr 1000 smart tv ue49nu8000txxu
PID:10124,TVs,samsung ue49nu8000 49 4k ultra hd tv
PID:10125,TVs,samsung ue43nu7400 43 4k hdr smart led television freeviewhd
PID:10126,TVs,samsung ue43nu7400 43 4k ultra hd hdr led smart tv with freeview hd and freesat
PID:10127,TVs,samsung ue43nu7400 43 4k ultra hd hdr led smart tv with freeview hd and freesat
PID:10128,TVs,samsung ue43nu7400 43 inch dynamic crystal colour 4k ultra hd certified hdr smart tv charcoal black 2018 model energy class a
PID:10129,TVs,samsung ue43nu7400/ue43nu7400
PID:10130,TVs,43inch uhd 4k led smart tv hdr 10 tvplus
PID:10131,TVs,samsung led tv in black
PID:10132,TVs,ue43nu7400 43 inch 4k ultra hd hdr smart led tv
PID:10133,TVs,samsung ue43nu7400 43 ultra hd certified hdr smart 4k tv
PID:10134,TVs,samsung 43 inch 43nu7400 smart 4k uhd tv with hdr
PID:10135,TVs,samsung ue43nu7400 43 inch dynamic crystal colour 4k ultra hd certified hdr smart tv charcoal black 2018 model energy class a
PID:10136,TVs,samsung 43 nu7400 4k ultrahd hdr10 smart led tv
PID:10137,TVs,samsung ue43nu7400 43 4k hdr ultra hd smart led tv in black 1700 pqi
PID:10138,TVs,samsung 43 black nu7400 dynamic crystal colour ultra hd certified hdr smart 4k tv ue43nu7400uxxu
PID:10140,TVs,samsung ue43nu7400 43 flat dynamic crystal colour led tv
PID:13771,CPUs,amd ryzen 7 eight core 1700x 3.80ghz socket am4 processor retail
PID:13772,CPUs,amd ryzen 7 1700x 8 core am4 cpu/processor
PID:13773,CPUs,amd ryzen 7 1700x 3.4ghz 16mb l3 processor
PID:13774,CPUs,amd ryzen 7 1700x 95 w 8 core/16 threads 3.8ghz 4mb cpu black
PID:13775,CPUs,open box amd ryzen 7 1700x 3.8 ghz 8 core 95w cpu processor
PID:13776,CPUs,amd ryzen 7 1700x 8 core 16 thread am4 cpu/processor
PID:13777,CPUs,wof processor amd ryzen 7 1700x 8 x 3.4 ghz octa c
PID:13778,CPUs,amd ryzen 7 1700x cpu am4 3.4ghz 3.8 turbo 8 core 95w 20mb cac
PID:13779,CPUs,amd prozessor cpu ryzen 7 sockel am4 1700x 8 x 3 4 ghz 16 mb 95w 14nm box yd170xbcaewof
PID:13780,CPUs,intel core intel core i7 7700 processor 8m cache up to 4.20 ghz
PID:13781,CPUs,intel core i7 7700 3.60ghz s1151 8mb cache kaby lake cpu
PID:13782,CPUs,intel bx80677i77700cpu intel core i77700 8m cache up to 4.20ghz grey
PID:13783,CPUs,intel core i7 7700 kaby lake quad core 3.6 ghz lga 1151 processor
PID:13784,CPUs,intel core i7 7700 3.60ghz s1151 8mb cache kaby lake cpu
PID:13785,CPUs,intel core i7 7700 3.60ghz socket 1151 cpu processor
PID:13786,CPUs,intel core i7 7700 3.6 ghz quadcore 8 mb cache cpu black
PID:13787,CPUs,intel core i7 7700 3.60ghz socket 1151 8mb retail boxed processor
PID:13788,CPUs,intel core i7 7700 processor 3.6 ghz box 8 mb smart cache
PID:13789,CPUs,intel core i7 7700 processor
PID:13790,CPUs,intel core i7 7700 kabylake 3.6 ghz socket 1151 8mb cache retail boxed processor
PID:13791,CPUs,boxed processor intel core i7 i7 7700 4 x 3.6 ghz
PID:13792,CPUs,intel core i7 7700 cpu prozessor 3 6 ghz skt 1151 65 w kaby lake 14nm bx80677i77700
PID:13793,CPUs,intel core intel core i7 8700k processor 12m cache up to 4.70 ghz
PID:13794,CPUs,intel core i7 8700k 1151 3.7ghz coffee lake processor
PID:13795,CPUs,intel core i7 8700k 3.70ghz coffee lake hex core processor
PID:13796,CPUs,intel bx80684i78700k 8th gen core i7 8700k processor
PID:13797,CPUs,intel core i7 8700k processor 3.7 ghz box 12 mb smart cache
PID:13798,CPUs,intel core i7 8700k 8th gen s1151 3.70ghz 12mb cache coffee lake
PID:13799,CPUs,intel core i7 8700k socket 1151 coffee lake 6 core 12 thread 3.7ghz 12mb cache retail cpu
PID:13800,CPUs,corei7 8700kprozessor3 7 ghzbox 12 mbsmartcache
PID:13801,CPUs,wof processor intel core i7 i7 8700k 6 x 3.7 ghz h
PID:13802,CPUs,intel i7 8700k cpu prozessor 3 7 ghz 12 mb 6 core 12 threads coffee lake box bx80684i78700k
PID:13803,CPUs,intel i7 8700k coffee lake 3.7ghz six core
PID:13804,CPUs,intel core intel core i3 8100 processor 6m cache 3.60 ghz 3.6 g
PID:13805,CPUs,intel core i3 8100 8th gen s1151 3.60ghz 6mb cache coffee lake cpu
PID:13806,CPUs,intel core i3 8100 3.6ghz coffee lake quad core processor
PID:13807,CPUs,intel core i3 8100 processor 3.6 ghz box 6 mb smart cache
PID:13808,CPUs,intel bx80684i38100 8th gen core i3 8100 processor
PID:13809,CPUs,intel core i3 8100 1151 3.6ghz coffee lake processor
PID:13810,CPUs,intel core i3 8100 quad core socket 1151 3.60ghz processor
PID:13811,CPUs,intel core i3 8100 socket 1151 coffee lake quad core 4 thread 3.6ghz 6mb cache retail cpu
PID:13812,CPUs,boxed processor intel core i3 i3 8100 4 x 3.6 ghz
PID:13813,CPUs,intel core i3 8100 quad core 1151 3.6ghz 6mb cache coffee lake
PID:13814,CPUs,intel i3 8100 cpu prozessor 6 mb 3 6 ghz 4 core 4 threads lga 1151 coffee lake bx80684i38100
PID:13815,CPUs,intel core intel core i7 7700k processor 8m cache up to 4.50 ghz
PID:13816,CPUs,intel core i7 7700k 4.20ghz s1151 8mb cache unlocked kaby lake cpu
PID:13817,CPUs,intel core i7 7700k 4.20ghz s1151 8mb cache unlocked kaby lake cpu
PID:13818,CPUs,intel i7 7700k quad core 4.2ghz lga1151 hd 630 8mb intel hd graphics cache 91w tdp cpu processor
PID:13819,CPUs,intel core i7 7700k kabylake 4.20 ghz socket 1151 8mb cache retail boxed processor
PID:13820,CPUs,intel core i7 7700k overclockable kaby lake quad core 4.2 ghz lga 1151 processor
PID:13821,CPUs,intel core i7 7700k 4.20ghz socket 1151 cpu processor
PID:13822,CPUs,intel core i7 7700k 4.20 ghz socket 1151 8mb cache retail boxed proces
PID:13823,CPUs,intel core i7 7700k processor 4.2 ghz box 8 mb smart cache
PID:13824,CPUs,corei7 7700k3.6ghz 8mbsmartcache box
PID:13825,CPUs,wof processor intel core i7 i7 7700k 4 x 4.2 ghz q
PID:13826,CPUs,intel core cpu i7 7700k sockel 1151 8m up to 4.20 ghz fc lga14c box bx80677i77700k
PID:13827,CPUs,intel core intel core i5 7400 processor 6m cache up to 3.50 ghz
PID:13828,CPUs,intel core i5 7400 3.00ghz s1151 6mb cache kaby lake cpu
PID:13829,CPUs,intel core i5 7400 3.00ghz s1151 6mb cache kaby lake cpu
PID:13830,CPUs,intel core i5 7400 kaby lake quad core 3.0ghz lga 1151 processor
PID:13831,CPUs,intel core i5 7400 3.0ghz socket 1151 cpu processor
PID:13832,CPUs,intel core i5 7400 processor 3 ghz box 6 mb smart cache
PID:13833,CPUs,intel core i5 7400 3.00ghz socket 1151 6mb retail boxed processor
PID:13834,CPUs,boxed processor intel core i5 i5 7400 4 x 3.0 ghz
PID:13835,CPUs,intel core i5 7400 3.00ghz skt1151 6mb cache boxed bx80677i57400 components processors cpu
PID:13836,CPUs,intel kaby lake i5 7400 quad core 1151 65w 3.0 ghz 14nm 6mb cache hd gfx 8 gt/s
PID:13837,CPUs,intel core i5 7400 k i5 3 ghz skt 1151 kaby lake 6 mb box set quad tdp bx80677i57400
PID:13838,CPUs,amd ryzen 7 1700 65 w 8/16core 3.7ghz 4mb cpu black
PID:13839,CPUs,amd ryzen 7 1700 8 core am4 cpu/processor with wraith spire 95w cooler
PID:13840,CPUs,amd ryzen 7 eight core 1700 3.70ghz socket am4 processor retail
PID:13841,CPUs,amd ryzen 7 1700x socket am4
PID:13842,CPUs,amd ryzen 7 1700 3ghz 16mb l3 processor
PID:13843,CPUs,amd ryzen 7 1700 8 core 16 thread am4 cpu processor with wraith spire 95w cooler
PID:13844,CPUs,amd 7 1700. processor family amd ryzen 7 processor frequency 3 ghz
PID:13845,CPUs,boxed processor amd ryzen 7 1700 8 x 3.0 ghz octa
PID:13846,CPUs,amd ryzen 7 1700 wraith spire 95w cooler am4 3.70ghz 20mb cpu
PID:13847,CPUs,amd prozessor cpu ryzen 7 sockel am4 1700 8 x 3 00 ghz 16 mb 14 nm box yd1700bbaebox
PID:13848,CPUs,intel core intel core i5 8400 processor 9m cache up to 4.00 ghz
PID:13849,CPUs,intel core i5 8400 2.8ghz 6 core 9mb cache lga1151 includes intel optane memory series 16gb
PID:13850,CPUs,intel core i5 8400 1151 2.8ghz coffee lake processor
PID:13851,CPUs,intel core i5 8400 2.80ghz coffee lake hex core processor
PID:13852,CPUs,intel core i5 8400 processor 2.8 ghz box 9 mb smart cache
PID:13853,CPUs,intel core i5 8400 2.80ghz socket 1151 processor
PID:13854,CPUs,intel core i5 8400 socket 1151 coffee lake 6 core 6 thread 2.8ghz 9mb cache retail cpu
PID:13855,CPUs,boxed processor intel core i5 i5 8400 6 x 2.8 ghz
PID:13856,CPUs,intel i5 8400 coffee lake 2.8ghz six core
PID:13857,CPUs,intel core i5 cpu prozessor i5 8400 2 8 ghz 9 mb lga 1151 6 core 6 threads coffee lake bx80684i58400
PID:13858,CPUs,amd yd1200bbaebox yd1200bbaebox ryzen 3 1200 cpu with wraith stealth cooler silver
PID:13859,CPUs,amd ryzen 3 1200 quad core am4 processor with wraith stealth cooler
PID:13860,CPUs,amd ryzen 3 1200 am4 retail boxed processor with wraith stealth cooler
PID:13861,CPUs,amd ryzen 3 1200 cpu with wraith cooler am4 3.1ghz 3.4 turbo quad core 65w 10mb cache 14nm
PID:13862,CPUs,amd ryzen 3 1200 cpu with wraith cooler am4 3.1ghz 3.4 turbo quad core 65w 10mb cache 14nm
PID:13863,CPUs,amd yd1200bbaebox yd1200bbaebox ryzen 3 1200 cpu with wraith stealth cooler silver
PID:13864,CPUs,amd ryzen 3 1200 3.1ghz 8mb l3 box processor
PID:13865,CPUs,amd ryzen 3 1200 cpu with wraith cooler am4 3.1ghz 3.4 turbo qua
PID:13866,CPUs,amd ryzen 3 1200 am4 quad core retail boxed processor with wraith stealth cooler
PID:13867,CPUs,boxed processor amd ryzen 3 1200 4 x 3.1 ghz quad
PID:13868,CPUs,amd prozessor ryzen 3 1200 r3 3 4 ghz 10 mb sockel am4 summit ridge box set yd1200bbaebox
PID:13869,CPUs,intel core intel core i3 7100 processor 3m cache 3.90 ghz 7th g
PID:13870,CPUs,intel core i3 7100 kabylake 3.90ghz socket 1151 3mb retail boxed processor
PID:13871,CPUs,intel core i3 7100 kaby lake dual core 3.9 ghz lga 1151 processor
PID:21442,Digital Cameras,panasonic dmc fz1000 eg k schwarz
PID:21443,Digital Cameras,panasonic lumix dmc fz1000
PID:21444,Digital Cameras,panasonic dmc fz1000eb lumix bridge camera 25 400mm leica dc lens 20.1mp
PID:21445,Digital Cameras,panasonic lumix fz1000eb high performance bridge camera black
PID:21446,Digital Cameras,panasonic lumix dmc fz1000 digital camera
PID:21447,Digital Cameras,panasonic lumix dmc fz1000 digital camera
PID:21448,Digital Cameras,panasonic dmc fz1000eb lumix bridge camera 25 400mm leica dc lens 20.1mp
PID:21449,Digital Cameras,lumix dmc fz1000
PID:21450,Digital Cameras,sony rx100 cybershot 1 dscrx100
PID:21451,Digital Cameras,sony cyber shot dsc rx100 i high performance compact camera black
PID:21452,Digital Cameras,sony cyber shot rx100 digital camera black
PID:21453,Digital Cameras,sony cyber shot dsc rx100 digital camera
PID:21454,Digital Cameras,sony cyber shot rx100 black digital camera
PID:21455,Digital Cameras,sony cyber shot dsc rx100 digital camera 20.2 mpix optical zoom 3.6 x black full hd video
PID:21456,Digital Cameras,sony cyber shot dsc rx100 20.2 mp 5472 x 3648 pixels cmos 3.6x f
PID:21457,Digital Cameras,cyber shot rx100
PID:21458,Digital Cameras,sony cybershot rx100 3.6x zoom compact digital camera black
PID:21459,Digital Cameras,fujifilm x t100 black with black xc15 45mm lens f 3.5 5.6 ois pz
PID:21460,Digital Cameras,fujifilm x t100 xc 15 45mm f/3.5 5.6 ois pz milc 24.2mp cmos 6000 x 4000pixels gold
PID:21461,Digital Cameras,fujifilm x t100 mirrorless camera with fujinon xc 15 45 mm f/3.5 5.6 ois pz lens dark silver
PID:21462,Digital Cameras,fujifilm x t100 digital camera with 15 45mm xc lens champagne gold
PID:21463,Digital Cameras,fujifilm x t100 dark silver xc15 45mm lens
PID:21464,Digital Cameras,fujifilm x t100 xc15 45mm dark silver
PID:21465,Digital Cameras,fujifilm x t100 with xc 15 45mm lens dark silver
PID:21466,Digital Cameras,fujifilm x t100 gold xc15 45mm 3.5 5.6 ois pz 100 cashback
PID:21467,Digital Cameras,fujifilm x t100 24.3mp 15 45mm compact system camera silver
PID:21468,Digital Cameras,x t100 with xc 15 45mm black
PID:21469,Digital Cameras,canon eos 80d geh use
PID:21470,Digital Cameras,canon eos 80d dslr camera body only
PID:21471,Digital Cameras,canon 1263c036 eos 80d body only digital slr camera black
PID:21472,Digital Cameras,canon eos 80d digital slr camera body
PID:21473,Digital Cameras,canon 1263c036 eos 80d body only digital slr camera black
PID:21474,Digital Cameras,canon eos 80d body only
PID:21475,Digital Cameras,canon eos 80d digital slr camera body
PID:21476,Digital Cameras,canon eos 80d body
PID:21477,Digital Cameras,canon digital slr camera eos 80d body only
PID:21478,Digital Cameras,canon eos 80d canon eos 80d digital slr camera body only
PID:21479,Digital Cameras,canon eos 80d slr camera with 16gb memory card and case
PID:21480,Digital Cameras,system camera canon eos80d 24.2 mpix black
PID:21481,Digital Cameras,canon powershot sx60 hs schwarz
PID:21482,Digital Cameras,canon can2395 powershot sx60 hs camera black 16.1mp 65xzoom 3.0lcd fhd 21mm wide wifi
PID:21483,Digital Cameras,canon powershot sx60 hs camera approx. 16.1m
PID:21484,Digital Cameras,canon powershot sx60 is digital bridge camera
PID:21485,Digital Cameras,canon powershot sx60 hs bridge camera 16.1mp 1/2.3 cmos 4608 x 3456pixels black
PID:21486,Digital Cameras,canon powershot sx60 hs 16.1mp 4.2xzoom camera black
PID:21487,Digital Cameras,canon powershot sx60 hs 16.1mp 4.2xzoom camera black
PID:21488,Digital Cameras,canon powershot sx60 hs bridge camera 16.1mp 1/2.3 cmos 4608 x
PID:21489,Digital Cameras,canon powershot sx60 hs bridge camera 16.1 mp 1/2.3 cmos 4608 x
PID:21490,Digital Cameras,canon powershot sx60 16.1 mp digital camera with 3 inch lcd tilt screen black
PID:21491,Digital Cameras,canon powershot sx60 16mp 65x zoom bridge camera black
PID:21492,Digital Cameras,canon dsc camera powershot sx60 hs black 16mp/ wifi/ is/ nfc/hdr/ zoom in 9543b009
PID:21493,Digital Cameras,canon eos 800d kit 18 55mm stm
PID:21494,Digital Cameras,canon eos 800d ef s 18 55 is stm
PID:21495,Digital Cameras,canon eos 800d ef s 18 55mm is stm
PID:21496,Digital Cameras,canon eos 800d dslr with ef s 18 55 mm f/4 5.6 is stm black
PID:21497,Digital Cameras,canon eos 800d dslr camera with ef s 18 55 mm f/4 5.6 is stm lens
PID:21498,Digital Cameras,canon eos 800d digital slr camera and ef s 18 55mm f/4.5.6 is stm lens black
PID:21499,Digital Cameras,canon eos 800d digital slr camera with 18 55mm is stm lens
PID:21500,Digital Cameras,canon eos 800d 18 55 is stm
PID:21501,Digital Cameras,canon eos 800d 18 55 is stm lens
PID:21502,Digital Cameras,canon eos 800d digital slr camera with 18 55mm is stm lens
PID:21503,Digital Cameras,canon eos 800d dslr camera with 18 55mm is stm lens
PID:21504,Digital Cameras,sony rx100 iv cybershot 1 dscrx100m4
PID:21505,Digital Cameras,sony dscrx100m4 advanced digital compact premium 4k camera evf 4k movie 40 x slow motion wi fi 180 degrees tiltable lcd screen black
PID:21506,Digital Cameras,sony dscrx100m4 advanced digital compact premium 4k camera evf 4k movie 40 x slow motion wi fi 180 degrees tiltable lcd screen black
PID:21507,Digital Cameras,sony dsc rx100 iv
PID:21508,Digital Cameras,sony cyber shot dsc rx100 iv high performance compact camera black
PID:21509,Digital Cameras,sony cyber shot rx100 iv digital camera
PID:21510,Digital Cameras,sony cyber shot dsc rx100 iv digital camera
PID:21511,Digital Cameras,sony cyber shot rx100 iv digital camera
PID:21512,Digital Cameras,sony cyber shot rx100 mk4 20.1mp premium compact camera
PID:21513,Digital Cameras,sony rx100m4 digital camera 20.2 mpix optical zoom 2.9 x black full hd video wi fi pivoted display evf
PID:21514,Digital Cameras,canon eos 2000d body
PID:21515,Digital Cameras,canon eos 2000d dslr camera body black
PID:21516,Digital Cameras,canon eos 2000d dslr camera body black
PID:21517,Digital Cameras,canon eos 2000d body
PID:21518,Digital Cameras,canon eos 2000d digital slr camera body
PID:21519,Digital Cameras,canon eos 2000d dslr camera body only
PID:21520,Digital Cameras,canon eos 2000d slr black camera body only
PID:21521,Digital Cameras,canon eos 2000d body only
PID:21522,Digital Cameras,canon eos 2000d dslr camera body
PID:21523,Digital Cameras,sony a6000 silber mit 16 50/3 5 5 6 oss
PID:21524,Digital Cameras,sony a6000 mirrorless camera with 16 50 mm f/3.5 5.6 lens
PID:21525,Digital Cameras,sony ilce6000ls compact system camera with selp1650 lens kit fast auto focus 24.3 mp electronic view finder wi fi and nfc silver
PID:21526,Digital Cameras,sony alpha a6000 digital camera with 16 50mm power zoom lens silver
PID:21527,Digital Cameras,sony a6000 mirrorless camera in black with 16 50mm power zoom lens
PID:21528,Digital Cameras,sony a6000 compact system digital camera with 16 50mm lens black
PID:21529,Digital Cameras,sony ilce6000lb compact system camera with selp1650 lens kit fast auto focus 24.3 mp electronic view finder wi fi and nfc black
PID:21530,Digital Cameras,nikon coolpix p900
PID:21531,Digital Cameras,nikon coolpix p900 digital camera black 16.0 mp cmos sensor 83x zoom 3 inch lcd screen
PID:21532,Digital Cameras,nikon coolpix p900 digital camera
PID:21533,Digital Cameras,nikon coolpix p900 digital camera black 16.0 mp cmos sensor 83x zoom 3 inch lcd screen
PID:21534,Digital Cameras,nikon coolpix p900 digital camera
PID:21535,Digital Cameras,nikon coolpix p900 digital camera
PID:21536,Digital Cameras,nikon coolpix p900 digital bridge compact camera
PID:21537,Digital Cameras,nikon coolpix p900 schwarz
PID:21538,Digital Cameras,coolpix p900
PID:21539,Digital Cameras,canon powershot sx740 hs silver
PID:21540,Digital Cameras,canon sx740 hs powershot black
PID:21541,Digital Cameras,canon powershot sx740 hs silber
PID:21542,Digital Cameras,canon powershot sx740 hs digital camera black
PID:23972,Microwaves,bosch bfl634gb1b built in solo microwave black
PID:23975,Microwaves,bosch bfl634gb1b serie 8 built in microwave ovens black
PID:23976,Microwaves,bosch bfl634gb1b built in microwave black
PID:23977,Microwaves,bosch bfl634gb1b built in microwave 900w 21l left hinge door black
PID:23978,Microwaves,bosch bfl634gb1b built in microwave oven in black 900w 21 litre
PID:23979,Microwaves,bosch bfl634gb1b serie 8 21l 900w built in microwave oven with left hand hinge side opening door black
PID:23980,Microwaves,bosch bfl634gb1b serie 8 built in microwave ovens black
PID:23981,Microwaves,neff c17gr00n0b built in microwave with grill stainless steel
PID:23982,Microwaves,neff n70 integrated microwave oven in stainless steel
PID:23985,Microwaves,neff c17gr00n0b n70 900w 21l built in microwave with grill stainless steel
PID:23986,Microwaves,neff c17gr00n0b/c17gr00n0b
PID:23987,Microwaves,neff c17gr00n0b built in microwave grill 900w 21litre left hinged s/stl
PID:23988,Microwaves,neff c17gr00n0b built in microwave oven in st steel 900w left hinged
PID:23989,Microwaves,neff c17gr00n0b
PID:23990,Microwaves,bosch bfl553ms0b built in solo microwave stainless steel
PID:23993,Microwaves,bosch bfl553ms0b serie 4 900w 25l built in microwave oven stainless steel
PID:23994,Microwaves,bosch serie 4 integrated microwave oven in stainless steel
PID:23995,Microwaves,bosch serie 4 bfl553ms0b built in microwave
PID:23996,Microwaves,bosch bfl553ms0b serie 4 built in microwave oven in brushed steel blac
PID:23997,Microwaves,bosch bfl553ms0b serie 4 900w 25l built in microwave oven stainless steel
PID:23998,Microwaves,samsung ms23h3125ak
PID:23999,Microwaves,samsung ms23h3125ak/ms23h3125ak
PID:24000,Microwaves,samsung ms23h3125ak solo sensor microwave oven in black finish
PID:24001,Microwaves,750watts solo microwave 6 power levels auto cook black
PID:24002,Microwaves,samsung ms23h3125ak solo sensor microwave oven in black finish
PID:24003,Microwaves,samsung solo microwave 23l in a sleek cyrstol gloss design ms23h3125ak
PID:24004,Microwaves,samsung ms23h3125ak 23l microwave oven with humidity sensor technology
PID:24005,Microwaves,samsung ms23h3125ak microwave 800w 23litre sensor black
PID:24006,Microwaves,samsung free standing microwave oven in black
PID:24007,Microwaves,samsung microwave ms23h3125ak 23l 800w standard easi tronic black
PID:24008,Microwaves,samsung ms23h3125ak 28l ceramic enamel interior 800w black
PID:24009,Microwaves,samsung ms23h3125ak
PID:24010,Microwaves,bosch cma583ms0b/cma583ms0b
PID:24011,Microwaves,bosch cma583ms0b serie 4 built in combination microwave oven stainless steel
PID:24012,Microwaves,bosch serie 4 integrated microwave oven in stainless steel
PID:24015,Microwaves,bosch cma583ms0b built in combination microwave oven 900w 44l
PID:24016,Microwaves,bosch cma583ms0b built in microwave with grill stainless steel
PID:24017,Microwaves,bosch cma583ms0b built in combination microwave stainless steel
PID:24018,Microwaves,neff c17ms32n0b built in compact oven with microwave 45lt tft display
PID:24021,Microwaves,neff n90 integrated single oven in stainless steel
PID:24022,Microwaves,neff c17ms32n0b 1000w 45l built in combination microwave oven stainless steel
PID:24023,Microwaves,neff c17ms32n0b 1000w 45l built in combination microwave oven stainless steel
PID:24024,Microwaves,neff c17ms32n0b/c17ms32n0b
PID:24025,Microwaves,neff c17ms32n0b
PID:24026,Microwaves,neff c17gr01n0b 60cm built in microwave grill for wall unit stainless steel
PID:24027,Microwaves,neff c17gr01n0b n70 900w 21l built in microwave with grill stainless steel
PID:24028,Microwaves,neff c17gr01n0b compact microwave
PID:24031,Microwaves,neff c17gr01n0b built in microwave grill 900w 21litre right hinged s/s
PID:24032,Microwaves,neff c17gr01n0b built in microwave oven in st steel 900w right hinged
PID:24033,Microwaves,neff c17gr01n0b
PID:24034,Microwaves,bosch cpa565gs0b built in microwave with steam function
PID:24035,Microwaves,bosch cpa565gs0b built in combination steam microwave oven 1000w 36l
PID:24038,Microwaves,bosch cpa565gs0b built in combination microwave stainless steel
PID:24039,Microwaves,bosch serie 6 integrated microwave oven in stainless steel
PID:24040,Microwaves,neff hlawd53n0b n50 built in microwave
PID:24041,Microwaves,neff hlawd53n0b built in microwave 900w 25litre black with steel trim
PID:24042,Microwaves,neff hlawd53n0b built in microwave oven in black steel 900w 25l
PID:24043,Microwaves,neff hlawd53n0b n50 900w 25l compact height built in microwave oven for a 60cm wide cabinet stainless steel
PID:24044,Microwaves,neff hlawd53n0b built in solo microwave black
PID:24045,Microwaves,neff hlawd53n0b/hlawd53n0b
PID:24046,Microwaves,bosch hmt72g450b compact microwave oven with grill in stainless steel
PID:24047,Microwaves,bosch hmt72g450b freestanding microwave and grill
PID:24048,Microwaves,bosch hmt72g450b compact microwave
PID:24049,Microwaves,bosch hmt72g450b freestanding microwave oven with grill
PID:24050,Microwaves,bosch hmt72g450b
PID:24051,Microwaves,neff c1amg83n0b compact height built in combination microwave oven with stainless steel
PID:24052,Microwaves,neff c1amg83n0b built in comination microwave black with steel trim
PID:24053,Microwaves,neff c1amg83n0b compact height built in combination microwave oven with stainless steel
PID:24054,Microwaves,neff c1amg83n0b built in microwave oven with hotair in black 1000w 44l
PID:24055,Microwaves,hotpoint mwh2221x 24 litre microwave with grill no stain stainless steel
PID:24056,Microwaves,hotpoint mwh2221x 24 litre microwave with grill no stain stainless steel
PID:24057,Microwaves,hotpoint mwh222.1x microwave stainless steel
PID:24058,Microwaves,hotpoint mwh 222.1 x built in microwave with grill stainless steel
PID:24059,Microwaves,hotpoint newstyle integrated microwave oven in stainless steel
PID:24060,Microwaves,hotpoint mwh222 1x built in microwave oven with grill in st steel 900w
PID:24064,Microwaves,hotpoint mwh222.1x built in microwave grill 900w 24l stainless steel
PID:24065,Microwaves,hotpoint mwh222.1x/mwh222.1x
PID:24066,Microwaves,hotpoint microwave mwh2221x 24l with grill s steel
PID:24067,Microwaves,neff n50 integrated microwave oven in stainless steel
PID:24068,Microwaves,neff c1apg64n0b n50 compact height built in combination microwave oven with steam function stainless steel
PID:24071,Microwaves,neff c1apg64n0b built in comination microwave black with steel trim
PID:24072,Microwaves,neff c1apg64n0b n50 compact oven with microwave and steam
PID:24073,Microwaves,neff c1apg64n0b built in combination microwave stainless steel
PID:24074,Microwaves,neff c1apg64n0b built in microwave oven with steam in black 1000w 36l
PID:24075,Microwaves,samsung ms28j5255uw solo microwave oven in white 28 litre capacity
PID:24076,Microwaves,samsung ms28j5255uw solo microwave oven in white 28 litre capacity
PID:24077,Microwaves,samsung ms28j5255uw solo microwave oven in white 28 litre capacity
PID:24078,Microwaves,samsung ms28j5255uw solo microwave
PID:24079,Microwaves,samsung ms28j5255uw 1000watts compact microwave 28litre led display
PID:24080,Microwaves,samsung ms28j5255uw 28 litre microwave white
PID:24081,Microwaves,samsung ms28j5255uw
PID:24082,Microwaves,samsung solo microwave ms28j5255uw
PID:24083,Microwaves,bosch serie 6 bfl554ms0b built in microwave
PID:24086,Microwaves,bosch serie 6 integrated microwave oven in stainless steel
PID:24087,Microwaves,bosch bfl554ms0b serie 6 900w 25l built in microwave oven stainless steel
PID:24088,Microwaves,bosch bfl554ms0b built in microwave 900w 25litre 7prog brushed steel
PID:24089,Microwaves,bosch serie 6 bfl554ms0b built in solo microwave stainless steel
PID:24090,Microwaves,bosch bfl554ms0b serie 6 built in microwave oven in black 900w 25 litr
PID:24091,Microwaves,bosch bfl554ms0b/bfl554ms0b
PID:24092,Microwaves,bosch serie 6 integrated microwave oven in stainless steel
PID:24095,Microwaves,bosch serie 4 bel553ms0b built in microwave
PID:26342,Dishwashers,bosch serie 6 integrated dishwasher in stainless steel
PID:26343,Dishwashers,built in fully integrated dishwasher
PID:26344,Dishwashers,bosch serie 6 home connect smv68td06g 14 place fully integrated smart dishwasher
PID:26345,Dishwashers,bosch smv68td06g fully integrated perfectdry dishwasher
PID:26346,Dishwashers,bosch serie 6 smv68td06g full size integrated dishwasher stainless steel
PID:26347,Dishwashers,bosch smv68td06g series 8 60cm fully integrated dishwasher
PID:26348,Dishwashers,14 place built in dishwasher 8 progs wifi class a
PID:26349,Dishwashers,smv68td06g 60cm integrated home connect dishwasher
PID:26350,Dishwashers,bosch smv68td06g 60cm fully integrated dishwasher stainless steel
PID:26351,Dishwashers,bosch smv68td06g serie 6 h c fully integrated dishwasher in st st 14 p
PID:26352,Dishwashers,bosch smv68td06g a fully integrated perfectdry dishwasher 8 programmes
PID:26353,Dishwashers,bosch smv68td06g 60cm fully integrated dishwasher stainless steel
PID:26354,Dishwashers,built in fully integrated dishwasher
PID:26357,Dishwashers,bosch smv40c30gb/smv40c30gb
PID:26358,Dishwashers,bosch smv40c30gb serie 2 60cm fully integrated dishwasher
PID:26359,Dishwashers,bosch serie 2 integrated dishwasher in black
PID:26360,Dishwashers,bosch serie 2 active water smv40c30gb 12 place fully integrated dishwasher
PID:26361,Dishwashers,bosch smv40c30gb full size integrated dishwasher
PID:26362,Dishwashers,bosch smv40c30gb fully integrated 12 place full size dishwasher
PID:26363,Dishwashers,bosch smv40c30gb activewater 12 place fully integrated dishwasher
PID:26364,Dishwashers,bosch smv40c30gb serie 2 60cm fully integrated
PID:26365,Dishwashers,bosch smv40c30gb full size intergrated dishwasher black
PID:26366,Dishwashers,bosch smv40c30gb standard fully integrated dishwasher
PID:26367,Dishwashers,bosch smv40c30gb 60cm serie 2 integrated dishwasher in black 12 place
PID:26368,Dishwashers,bosch smv40c30gb serie 2 60cm fully integrated
PID:26369,Dishwashers,bosch smv50c10gb/smv50c10gb
PID:26370,Dishwashers,bosch smv50c10gb serie 4 60cm fully integrated dishwasher
PID:26371,Dishwashers,built in fully integrated dishwasher
PID:26372,Dishwashers,bosch smv50c10gb fully integrated 12 places a dishwasher dishwashers fully integrated stainless steel white buttons 12 places 48 db a
PID:26373,Dishwashers,bosch smv50c10gb full size integrated serie 2 dishwasher
PID:26374,Dishwashers,bosch smv50c10gb 60cm fully integrated dishwasher in black 12 place a
PID:26375,Dishwashers,smv50c10gb 60cm integrated dishwasher
PID:26376,Dishwashers,bosch serie 4 active water smv50c10gb 12 place fully integrated dishwasher
PID:26377,Dishwashers,bosch serie 4 smv50c10gb fully integrated 12 place full size dishwasher in black
PID:26378,Dishwashers,12 place built in dishwasher class a active water
PID:26379,Dishwashers,bosch smv50c10gb series 2 60cm fully integrated dishwasher
PID:26380,Dishwashers,bosch smv50c10gb serie 2 60cm fully integrated
PID:26383,Dishwashers,bosch sms46iw04g/sms46iw04g
PID:26384,Dishwashers,bosch serie 4 free standing dishwasher in white
PID:26386,Dishwashers,bosch sms46iw04g 13 place dishwasher in white
PID:26387,Dishwashers,bosch serie 4 sms46iw04g full size dishwasher white
PID:26388,Dishwashers,bosch sms46iw04g 60cm serie 4 freestanding dishwasher white
PID:26389,Dishwashers,bosch sms46iw04g a 13 place dishwasher in white 6 programmes 4 temperatures
PID:26390,Dishwashers,bosch sms46iw04g 60cm a activewater dishwasher 13 place settings
PID:26391,Dishwashers,bosch sms46iw04g serie 4 60cm freestanding dishwasher white
PID:26392,Dishwashers,bosch sms46iw04g serie 4 60cm dishwasher in white 13 place setting a
PID:26393,Dishwashers,bosch sms46iw04g freestanding dishwasher
PID:26394,Dishwashers,bosch sms46iw04g dishwasher 60cm 13place 6prog a white
PID:26395,Dishwashers,bosch sms46iw04g full size dishwasher white
PID:26396,Dishwashers,bosch serie 4 sms46iw04g 13 place settings full size dishwasher with a
PID:26397,Dishwashers,bosch serie 4 active water sms46iw04g 13 place freestanding dishwasher white
PID:26398,Dishwashers,bosch sms46iw04g serie 4 60cm freestanding dishwasher white
PID:26399,Dishwashers,bosch sms67mw00g 60cm perfectdry dishwasher in white
PID:26402,Dishwashers,bosch serie 6 sms67mw00g full size dishwasher white
PID:26403,Dishwashers,bosch sms67mw00g/sms67mw00g
PID:26404,Dishwashers,bosch sms67mw00g 60cm serie 6 perfectdry freestanding dishwasher white
PID:26405,Dishwashers,bosch serie 6 free standing dishwasher in white
PID:26406,Dishwashers,bosch serie 6 sms67mw00g 14 place full size dishwasher with perfectdry technology white
PID:26407,Dishwashers,bosch sms67mw00g 14 place freestanding perfect dry dishwasher in white
PID:26408,Dishwashers,bosch sms67mw00g white perfectdry 60cm freestanding dishwasher
PID:26409,Dishwashers,bosch sms67mw00g dishwasher 60cm 14place 7prog white
PID:26410,Dishwashers,bosch sms67mw00g perfectdry freestanding dishwasher
PID:26411,Dishwashers,serie 6 sms67mw00g 60cm dishwasher
PID:26412,Dishwashers,bosch serie 6 perfect dry sms67mw00g 14 place freestanding dishwasher white
PID:26413,Dishwashers,bosch sms67mw00g serie 6 60cm dishwasher in white 14 place setting a
PID:26414,Dishwashers,bosch sms67mw00g white perfectdry 60cm freestanding dishwasher
PID:26417,Dishwashers,bosch smv46mx00g fully integrated dishwasher
PID:26418,Dishwashers,bosch serie 4 smv46mx00g full size integrated dishwasher
PID:26419,Dishwashers,bosch smv46mx00g serie 4 60cm fully integrated dishwasher
PID:26420,Dishwashers,bosch serie 4 integrated dishwasher in silver
PID:26421,Dishwashers,built in fully integrated dishwasher
PID:26422,Dishwashers,bosch smv46mx00g 14 place fully integrated dishwasher
PID:26423,Dishwashers,bosch serie 4 active water smv46mx00g 14 place fully integrated dishwasher
PID:26424,Dishwashers,bosch smv46mx00g extra efficient 14 place fully integrated dishwasher
PID:26425,Dishwashers,bosch smv46mx00g serie 4 fully integrated dishwasher in st st 14 pl
PID:26426,Dishwashers,bosch smv46mx00g series 4 60cm fully integrated dishwasher
PID:26427,Dishwashers,bosch smi50c15gb semi integrated dishwasher
PID:26428,Dishwashers,bosch smi50c15gb serie 4 60cm semi integrated dishwasher stainless steel
PID:26429,Dishwashers,bosch smi50c15gb semi integrated dishwasher silver
PID:26430,Dishwashers,bosch serie 4 smi50c15gb semi integrated 12 place full size dishwasher in silver
PID:26431,Dishwashers,bosch serie 4 active water smi50c15gb 12 place semi integrated dishwasher stainless steel
PID:26432,Dishwashers,bosch smi50c15gb/smi50c15gb
PID:26433,Dishwashers,bosch smi50c15gb 60cm semi integrated dishwasher in silver 12 place a
PID:26434,Dishwashers,12 place built in dishwasher 5 progs class a silver
PID:26435,Dishwashers,bosch serie 4 smi50c15gb full size semi integrated dishwasher stainless steel
PID:26436,Dishwashers,bosch smi50c15gb serie 4 60cm semi integrated dishwasher stainless steel
PID:26437,Dishwashers,12 place built in dishwasher 5 programmes class a
PID:26438,Dishwashers,neff s511a50x1g 12 place fully integrated dishwasher
PID:26439,Dishwashers,neff s511a50x1g 12 place fully integrated dishwasher
PID:26440,Dishwashers,neff s511a50x1g full size integrated dishwasher
PID:26441,Dishwashers,neff s511a50x1g/s511a50x1g
PID:26442,Dishwashers,neff n30 integrated dishwasher in black
PID:26443,Dishwashers,built in fully integrated dishwasher
PID:26444,Dishwashers,neff s511a50x1g 60cm fully integrated dishwasher
PID:26445,Dishwashers,neff s511a50x1g integrated dishwasher white
PID:26446,Dishwashers,neff s511a50x1g fully integrated 12 place full size dishwasher
PID:26447,Dishwashers,neff s511a50x1g 60cm fully integrated 12 place dishwasher in black a
PID:26448,Dishwashers,bosch sms46mw02g 60cm dishwasher
PID:26449,Dishwashers,bosch sms46mw02g full size dishwasher in white
PID:26450,Dishwashers,bosch sms46mw02g 60cm a activewater dishwasher 14 place settings
PID:26452,Dishwashers,bosch full size dishwasher sms46mw02g
PID:30196,Washing Machines,bosch wat28371gb 9kg washing machine 1400rpm white
PID:30197,Washing Machines,bosch serie 6 free standing washing machine in white
PID:30198,Washing Machines,washing machine
PID:30199,Washing Machines,bosch wat28371gb washing machine
PID:30200,Washing Machines,bosch serie 6 wat28371gb 9kg 1400rpm freestanding washing machine white
PID:30201,Washing Machines,bosch wat28371gb a 9kg 1400 spin washing machine in white
PID:30202,Washing Machines,bosch wat28371gb a 9kg 1400rpm spin washing machine
PID:30203,Washing Machines,bosch wat28371gb washing machine in white 1400rpm 9kg a 30
PID:30204,Washing Machines,bosch wat28371gb 9kg 1400 spin washing machine
PID:30205,Washing Machines,serie 6 wat28371gb 9kg 1400 spin washing machine
PID:30206,Washing Machines,bosch wat28371gb 1400 spin washing machine
PID:30207,Washing Machines,bosch wat28371gb a 9kg 1400 spin 15 programmes washing machine in white
PID:30208,Washing Machines,bosch wat28371gb 9kg 1400 spin washing machine white a rated
PID:30209,Washing Machines,bosch wat28371gb 9kg 1400rpm freestanding white washing machine
PID:30210,Washing Machines,bosch wat28371gb
PID:30211,Washing Machines,bosch wiw28500gb fully integrated automatic washing machine which best buy
PID:30212,Washing Machines,bosch wiw28500gb integrated 8kg washing machine
PID:30213,Washing Machines,bosch wiw28500gb/wiw28500gb
PID:30214,Washing Machines,bosch serie 8 wiw28500gb 8kg 1400 spin built in washing machine a
PID:30215,Washing Machines,bosch wiw28500gb integrated 8kg front loading washing machine white
PID:30218,Washing Machines,bosch serie 8 wiw28500gb 8kg 1400rpm integrated washing machine white
PID:30219,Washing Machines,bosch serie 8 wiw28500gb 8kg 1400rpm integrated washing machine white
PID:30220,Washing Machines,bosch wiw28500gb integrated washer 1400rpm 8kg led display white
PID:30221,Washing Machines,bosch serie 8 integrated washing machine in white
PID:30222,Washing Machines,bosch wiw28500gb series 8 8kg integrated washing machine
PID:30223,Washing Machines,bosch wiw28500gb integrated washing machine 1400rpm 8kg a
PID:30224,Washing Machines,bosch wiw28500gb integrated 8kg front loading washing machine white
PID:30225,Washing Machines,bosch wkd28351gb integrated washer dryer 1400rpm 7/4kg large display
PID:30228,Washing Machines,bosch wkd28351gb integrated washer dryer white
PID:30229,Washing Machines,bosch wkd28351gb/wkd28351gb
PID:30230,Washing Machines,bosch serie 4 integrated washer dryer in white
PID:30231,Washing Machines,bosch wkd28351gb 1400 spin 7kg 4kg integrated washer dryer
PID:30232,Washing Machines,bosch serie 4 wkd28351gb 7kg wash 4kg dry 1400rpm integrated washer dryer white
PID:30233,Washing Machines,bosch wkd28351gb integrated 7kg 4kg 1400 spin washer dryer
PID:30234,Washing Machines,bosch built in 7 kg wash 4 kg dryer wkd28351gb
PID:30235,Washing Machines,bosch wkd28351gb series 4 7kg integrated automatic washer dryer
PID:30236,Washing Machines,bosch wkd28351gb built in 7kg washer dryer
PID:30237,Washing Machines,bosch built in 7 kg wash 4 kg dryer wkd28351gb
PID:30238,Washing Machines,iq500 wm14t391gb 8kg 1400 spin washing machine
PID:30239,Washing Machines,siemens extraklasse wm14t391gb 1400 spin 8kg washing machine in white
PID:30240,Washing Machines,siemens wm14t391gb a iq500 front loading 8kg 1400 spin washing machine
PID:30241,Washing Machines,siemens free standing washing machine wm14t391gb white
PID:30242,Washing Machines,siemens wm14t391gb iq500 washing machine in white 1400rpm 8kg a rated
PID:30243,Washing Machines,siemens wm14t391gb 1400 spin washing machine
PID:30244,Washing Machines,siemens extraklasse wm14t391gb 8kg 1400 spin washing machine white a rated
PID:30245,Washing Machines,siemens extraklasse waschmaschine iq500 wm14t391
PID:30246,Washing Machines,siemens extraklasse wm14k280gb 1400 spin 8kg washing machine
PID:30247,Washing Machines,siemens wm14t391gb
PID:30248,Washing Machines,bosch wawh8660gb 9kg washing machine
PID:30249,Washing Machines,serie 8 wawh8660gb idos 9kg 1400 spin washing machine home connect
PID:30250,Washing Machines,bosch wawh8660gb 1400rpm 9kg home connect washing machine
PID:30251,Washing Machines,1400rpm washing machine 9kg class a home connect
PID:30252,Washing Machines,bosch wawh8660gb 1400rpm 9kg serie 8 washing machine chrome door
PID:30253,Washing Machines,bosch wawh8660gb 9kg serie 8 i dos washing machine 1400rpm white
PID:30254,Washing Machines,bosch wawh8660gb/wawh8660gb
PID:30255,Washing Machines,bosch serie 8 i dos wawh8660gb 9kg 1400rpm freestanding washing machine white
PID:30256,Washing Machines,bosch wawh8660gb serie 8 washing machine in white 1400rpm 9kg i dos
PID:30257,Washing Machines,bosch wawh8660gb 9kg i dos washing machine
PID:30260,Washing Machines,bosch serie 8 i dos free standing washing machine in white
PID:30261,Washing Machines,bosch wawh8660gb 1400rpm 9kg home connect washing machine
PID:30262,Washing Machines,siemens extraklasse wm14t492gb 1400 spin 9kg washing machine
PID:30263,Washing Machines,siemens wm14t492gb a extraklasse 9kg 1400 spin washing machine
PID:30264,Washing Machines,washing machine
PID:30265,Washing Machines,siemens free standing washing machine wm14t492gb white
PID:30266,Washing Machines,siemens wm14t492gb washing machine in white 1400rpm 9kg a rated
PID:30267,Washing Machines,siemens wm14t492gb extraklasse 9kg washing machine
PID:30268,Washing Machines,iq500 wm14t492gb 9kg 1400 spin washing machine
PID:30269,Washing Machines,siemens wm14t492gb 1400 spin washing machine
PID:30270,Washing Machines,siemens extraklasse wm14t492gb 9kg 1400 spin washing machine white a rated
PID:30271,Washing Machines,siemens wm14t492gb
PID:30272,Washing Machines,siemens free standing washing machine wm14t492gb white
PID:30273,Washing Machines,washing machine
PID:30274,Washing Machines,zanussi zwf01483wh freestanding 60cm washing machine in white
PID:30275,Washing Machines,zanussi zwf01483wh lindo300 10kg washing machine
PID:30276,Washing Machines,zanussi zwf01483wh 10kg washing machine
PID:30277,Washing Machines,1400rpm washing machine 10kg load class a white
PID:30278,Washing Machines,zanussi zwf01483wh 10kg 1400 spin washing machine white a rated
PID:30279,Washing Machines,zanussi zwf01483wh a 10kg 1400 spin washing machine in white
PID:30280,Washing Machines,zanussi zwf01483wh lindo300 washing machine in white 1400rpm 10kg a
PID:30281,Washing Machines,zanussi zwf01483wh lindo300 10kg washing machine
PID:30282,Washing Machines,zanussi zwf01483wh lindo300 10kg washing machine
PID:30283,Washing Machines,zwf01483wh 10kg 1400 spin washing machine
PID:30284,Washing Machines,zanussi zwf01483wh lindo300 10kg washing machine
PID:30285,Washing Machines,zanussi zwf01483wh
PID:30286,Washing Machines,iq300 wm14n190gb 7kg 1400 spin washing machine
PID:30287,Washing Machines,siemens wm14n190gb white extraklasse 1400 spin 7kg washing machine
PID:30288,Washing Machines,siemens wm14n190gb a rated iq300 7kg 1400rpm spin washing machine
PID:30289,Washing Machines,washing machine
PID:30290,Washing Machines,siemens wm14n190gb washing machine in white 1400rpm 7kg a rated
PID:30291,Washing Machines,siemens wm14n190gb extraklasse 1400 spin washing machine
PID:30292,Washing Machines,siemens wm14n190gb 1400 spin washing machine
PID:30293,Washing Machines,siemens extraklasse wm14n190gb 7kg 1400 spin washing machine white a rated
PID:30294,Washing Machines,siemens wm14n190gb
PID:30295,Washing Machines,siemens wm14n190gb 1400 spin 7kg front loading washing machine white
PID:30298,Washing Machines,samsung ww90k5413ux 9kg addwash ww5500 washing machine 1400rpm graphite
PID:30299,Washing Machines,samsung addwash ecobubble free standing washing machine in graphite
PID:30300,Washing Machines,samsung ww90k5413ux 9kg addwash/ecobubble 1400rpm freestanding washing machine graphite
PID:30301,Washing Machines,samsung ww90k5413ux addwash/ ecobubble 9kg 1400rpm freestanding washing machine graphite
PID:30302,Washing Machines,samsung ww90k5413ux addwash/ ecobubble 9kg 1400rpm freestanding washing machine graphite
PID:30303,Washing Machines,samsung ww90k5413ux 1400rpm 9kg addwash ecobubble washer graphite
PID:30304,Washing Machines,samsung addwash ww90k5413ux 9kg 1400 spinwashing machine in inox
PID:35213,Freezers,beko ffp1671w 60cm wide frost free freestanding upright freezer white
PID:35216,Freezers,beko ffp1671w 60cm wide frost free freestanding upright freezer white
PID:35217,Freezers,beko ffp1671w tall freezer white
PID:35218,Freezers,beko ffp1671w 60cm wide frost free freestanding upright freezer white
PID:35219,Freezers,beko freestanding tall frost free freezer tffc671w
PID:35220,Freezers,liebherr gx823 table top freezer comfort
PID:35221,Freezers,liebherr gx823 55cm freestanding compact freezer
PID:35222,Freezers,liebherr gx823 comfort 55cm mini freezer
PID:35223,Freezers,liebherr gx823 comfort freezer smartfrost 69 litres capacity 2 drawer
PID:35224,Freezers,liebherr gx823 20 gefrierbox a 55cm breit eek a skala a bis d gx823 20
PID:35225,Freezers,liebherr gx823 55cm freestanding compact freezer white
PID:35226,Freezers,liebherr gefrierbox gx823 20
PID:35227,Freezers,liebherr gx 823 under counter freezer comfort
PID:35228,Freezers,liebherr gx823
PID:35229,Freezers,liebherr tisch gefrierschrank komfort gefrierbox gx 823 20 eek a
PID:35230,Freezers,samsung rz32m71207f/eu tall freezer refined steel
PID:35231,Freezers,samsung rz32m71207f 60cm freestanding frost free freezer stainless steel
PID:35232,Freezers,samsung rz32m71207f a 185cm tall frost free freestanding freezer refined steel
PID:35233,Freezers,samsung rz32m71207f freezer frost free 315litres real steel
PID:35234,Freezers,samsung rz32m71207f a tall freezer with all around cooling 315l steel
PID:35235,Freezers,samsung rz32m71207f 60cm wide frost free freestanding upright freezer refined steel
PID:35236,Freezers,samsung rz32m71207f 60cm wide frost free freestanding upright freezer refined steel
PID:35237,Freezers,samsung rz32m71207f tall frost free freezer in st steel 1 8m 315l a ra
PID:35238,Freezers,samsung rz32m71207f/eu tall freezer refined steel
PID:35239,Freezers,samsung rz32m71207f
PID:35240,Freezers,liebherr gp2433 60cm freestanding freezer
PID:35241,Freezers,liebherr gp 2433 under counter freezer comfort
PID:35242,Freezers,liebherr gp2433 freezer comfort freestanding a energy rating white
PID:35243,Freezers,liebherr gefrierschrank gp2433 20
PID:35244,Freezers,liebherr gp2433
PID:35245,Freezers,liebherr gp 2433 under counter freezer comfort
PID:35246,Freezers,gorenje fiu6f091awuk integrated undercounter freezer
PID:35247,Freezers,gorenje essential line built under freezer in white
PID:35248,Freezers,static built under freezer
PID:35249,Freezers,built in undercounter upright freezer fiu6f091awuk
PID:35250,Freezers,96litre built under freezer class a
PID:35251,Freezers,gorenje fiu6f091aw built under integrated freezer 86 litres 82cm high a
PID:35252,Freezers,gorenje fiu6f091awuk 60cm wide integrated upright under counter freezer white
PID:35256,Freezers,liebherr gnp 1913 comfort nofrost freistehend
PID:35257,Freezers,liebherr gnp1913 60cm freestanding frost free freezer white
PID:35258,Freezers,liebherr nofrost freezer in white gnp1913
PID:35259,Freezers,liebherr gnp1913 60cm wide frost free freestanding upright freezer white
PID:35260,Freezers,liebherr gnp 1913 freestanding freezer comfort
PID:35261,Freezers,liebherr gnp1913 freezer comfort freestanding no frost a energy 42db
PID:35262,Freezers,liebherr gnp1913
PID:35263,Freezers,liebherr gnp 1913 freestanding freezer comfort
PID:35264,Freezers,liebherr gnp 2713 22
PID:35265,Freezers,liebherr gnp2713 60cm freestanding frost free freezer
PID:35266,Freezers,liebherr gnp 2713 freestanding freezer comfort
PID:35267,Freezers,liebherr gnp2713 freezer comfort freestanding a energy nofrost white
PID:35268,Freezers,liebherr gnp2713
PID:35269,Freezers,liebherr gnp 2713 freestanding freezer comfort
PID:35270,Freezers,liebherr igs1624 88cm integrated in column freezer
PID:35271,Freezers,liebherr integrated freezer in white
PID:35272,Freezers,liebherr igs1624 integrated smart frost freezer
PID:35273,Freezers,liebherr igs 1624 20
PID:35276,Freezers,liebherr einbau gefrierschrank comfort mit smartfrost igs 1624
PID:35277,Freezers,liebherr igs1624 integrated smart frost freezer
PID:35278,Freezers,siemens gu15da50gb built under freezer a super freezing manual defrost
PID:35279,Freezers,siemens gu15da50gb iq100 60cm wide integrated upright under counter freezer white
PID:35282,Freezers,siemens built under freezer in white
PID:35283,Freezers,indesit tzaa10 upright freezer
PID:35284,Freezers,indesit tzaa10 55cm wide freestanding upright under counter freezer white
PID:35285,Freezers,85litre upright freezer class a white
PID:35286,Freezers,indesit tzaa10 under counter freezer in white
PID:35287,Freezers,indesit tzaa10 55cm wide freestanding upright under counter freezer white
PID:35288,Freezers,indesit tzaa 10 1 freestanding freezer white
PID:35289,Freezers,indesit tzaa10 freezer 55cm 78litre white
PID:35291,Freezers,bosch gsn36aw31g freestanding frost free freezer in white stock clearance
PID:35292,Freezers,255litre upright freezer frost free class a white
PID:35293,Freezers,bosch gsn36aw31g upright freezer freestanding nofrost a energy
PID:35294,Freezers,bosch gsn36aw31g no frost upright freestanding freezer in white with twist ice box superfreeze function and reversible door
PID:35295,Freezers,bosch gsn36aw31g serie 6 freestanding single door freezer white
PID:35296,Freezers,bosch gsn36aw31g logixx tall no frost freezer in white 1 86m 60cmw a
PID:35297,Freezers,bosch gsn36aw31g serie 6 freestanding single door freezer white
PID:35298,Freezers,zanussi zbf22451sv integrated frost free freezer
PID:35299,Freezers,static built in freezer
PID:35300,Freezers,zanussi zbf22451sv in column 177cm frost free freezer sliding rail
PID:35301,Freezers,zanussi zbf22451sv integrated tall freezer
PID:35302,Freezers,zanussi zbf22451sv in column 177cm frost free freezer sliding rail
PID:35306,Freezers,liebherr gnp 2313 comf. a gefrierschrank
PID:35307,Freezers,liebherr gnp2313 60cm freestanding frost free freezer white
PID:35308,Freezers,liebherr gnp 2313 freestanding freezer comfort
PID:35309,Freezers,liebherr gnp2313 freezer comfort freestanding no frost a energy 42db
PID:35310,Freezers,liebherr gnp2313 freestanding nofrost 185 litre comfort freezer white with automatic superfrost function and audible door alarm reversible door 60cm width
PID:35311,Freezers,liebherr gnp2313
PID:35312,Freezers,liebherr gnp 2313 freestanding freezer comfort
PID:35313,Freezers,lec u5511w 55cm under counter freezer in white
PID:35314,Freezers,lec u5511w undercounter freezer white
PID:35315,Freezers,85litre upright freezer class a white
PID:35316,Freezers,lec u5511w freezer
PID:35317,Freezers,lec u5511w upright freezer
PID:35318,Freezers,lec u5511 55cm wide freestanding upright under counter freezer white
PID:35319,Freezers,lec u5511w standalone freezer in white
PID:35320,Freezers,gdha lec u5511w 55cm undercounter static freezer
PID:35321,Freezers,liebherr gn4113 70cm freestanding frost free freezer
PID:35322,Freezers,liebherr gn4113 70cm freestanding frost free freezer white
PID:35323,Freezers,liebherr gn 4113 freestanding freezer comfort
PID:35324,Freezers,liebherr gn4113 freezer comfort freestanding no frost
PID:35325,Freezers,liebherr gn4113
PID:35326,Freezers,liebherr gn 4113 freestanding freezer comfort
PID:37261,Fridge Freezers,bosch no frost fridge freezer in white kgn33nw3ag
PID:37262,Fridge Freezers,kgn33nw3ag freestanding fridge freezer with a energy rating in white
PID:37263,Fridge Freezers,bosch kgn33nw3ag 60cm frost free fridge freezer white a rated
PID:37264,Fridge Freezers,bosch kgn33nw3ag
PID:37265,Fridge Freezers,bosch kgn33nw3ag fridge freezer 176/60cm a no frost white
PID:37266,Fridge Freezers,bosch frost free fridge freezer kgn33nw3ag
PID:37267,Fridge Freezers,bosch kgn33nw3ag
PID:37268,Fridge Freezers,bosch kgn36vw35g fridge freezer
PID:37269,Fridge Freezers,serie 4 kgn36vw35g 320 litre no frost fridge freezer
PID:37270,Fridge Freezers,bosch kgn36vw35g frost free fridge freezer
PID:37271,Fridge Freezers,bosch kgn36vw35g a frost free fridge freezer in white
PID:37272,Fridge Freezers,bosch fridge freezer kgn36vw35g
PID:37273,Fridge Freezers,bosch kgn36vw35g exxcel frost free fridge freezer in white 1 86m a
PID:37274,Fridge Freezers,bosch kgn36vw35g frost free fridge freezer
PID:37275,Fridge Freezers,bosch kgn36vw35g 60cm vitafresh frost free fridge freezer white a rated
PID:37276,Fridge Freezers,bosch kgn36vw35g
PID:37277,Fridge Freezers,bosch fridge freezer kgn36vw35g
PID:37278,Fridge Freezers,bosch kgn36vw35g frost free fridge freezer white
PID:37279,Fridge Freezers,lec tf50152w fridge freezer
PID:37280,Fridge Freezers,tf50152 172 litre frost free fidge freezer
PID:37281,Fridge Freezers,lec tf50152 freestanding fridge 172 l net capacity a glass shelves 175 l gross capacity white
PID:37282,Fridge Freezers,175litre fridge freezer class a white
PID:37283,Fridge Freezers,lec tf50152w frost free fridge freezer
PID:37284,Fridge Freezers,lec tf50152w 50cm frost free freestanding fridge freezer white
PID:37285,Fridge Freezers,lec tf50152w 50cm frost free fridge freezer
PID:37286,Fridge Freezers,lec tf50152 50cm wide 1.52m tall freestanding fridge freezer white
PID:37289,Fridge Freezers,lec free standing fridge freezer frost free in white
PID:37290,Fridge Freezers,lec tf50152w 50/50 frost free fridge freezer white a rated
PID:37291,Fridge Freezers,lec tf50152w
PID:37292,Fridge Freezers,gdha lec tf50152w 50cm frost free fridge freezer
PID:37293,Fridge Freezers,bosch kgn36hi32
PID:37294,Fridge Freezers,bosch kgn36hi32 fridge freezer 234/86litres no frost a stainless steel
PID:37295,Fridge Freezers,320litre fridge freezer frost free class a white
PID:37296,Fridge Freezers,bosch serie 6 kgn36hi32 home connect 320 litre frost free freestanding fridge freezer easyclean stai
PID:37297,Fridge Freezers,bosch serie 6 kgn36hi32 smart 60/40 fridge freezer silver
PID:37298,Fridge Freezers,bosch kgn36hi32 60cm serie 6 frost free fridge freezer silver
PID:37299,Fridge Freezers,bosch kgn36hi32 60/40 frost free fridge freezer stainless steel
PID:37300,Fridge Freezers,bosch kgn36hi32/kgn36hi32
PID:37301,Fridge Freezers,bosch serie 6 free standing fridge freezer frost free in stainless steel effect
PID:37304,Fridge Freezers,bosch kgn36hi32 fridge freezer silver
PID:37305,Fridge Freezers,bosch kgn36hi32
PID:37306,Fridge Freezers,bosch kgn36hi32 serie 6 frost free fridge freezer in st steel 1 87m a
PID:37307,Fridge Freezers,bosch k hl /gefrierkombination edelstahl kgn36hi32
PID:37308,Fridge Freezers,bosch k hlschrank solitaire kgn36hi32
PID:37309,Fridge Freezers,bosch kgn36hi32 60/40 frost free fridge freezer stainless steel
PID:37310,Fridge Freezers,bosch kgn39vw35g 203cm tall frost free fridge freezer white a
PID:37311,Fridge Freezers,bosch kgn39vw35g a 60cm freestanding fridge freezer white
PID:37312,Fridge Freezers,bosch serie 4 kgn39vw35g fridge freezer white
PID:37313,Fridge Freezers,bosch kgn39vw35g/kgn39vw35g
PID:37314,Fridge Freezers,bosch kgn39vw35g 60cm serie 4 frost free fridge freezer white
PID:37315,Fridge Freezers,bosch serie 4 free standing fridge freezer frost free in white
PID:37316,Fridge Freezers,frost free fridge freezer
PID:37319,Fridge Freezers,bosch kgn39vw35g serie 4 no frost freestanding fridge freezer white
PID:37320,Fridge Freezers,366litre fridge freezer frost free class a white
PID:37321,Fridge Freezers,serie 4 kgn39vw35g 366 litre frost free fridge freezer
PID:37322,Fridge Freezers,bosch kgn39vw35g serie 4 freestanding fridge freezer white
PID:37323,Fridge Freezers,bosch kgn39vw35g fridge freezer no frost 279 87litres white
PID:37324,Fridge Freezers,bosch kgn39vw35g serie 4 no frost freestanding fridge freezer white
PID:37325,Fridge Freezers,bosch kgn39vw35g serie 4 60cm no frost fridge freezer in white 1 86m a
PID:37326,Fridge Freezers,bosch kgn39vw35g serie 4 freestanding fridge freezer white
PID:37329,Fridge Freezers,bosch kin86ad30g serie 6 integrated 60/40 fridge freezer
PID:37330,Fridge Freezers,bosch serie 8 integrated fridge freezer frost free in white
PID:37331,Fridge Freezers,frost free integrated fridge freezer
PID:37332,Fridge Freezers,bosch kin86ad30g buillt in no frost fridge freezer 257lt 60/40 split a
PID:37333,Fridge Freezers,bosch kin86ad30g series 6 integrated fridge freezer white
PID:37334,Fridge Freezers,bosch kin86ad30g fully integrated nofrost fridge freezer 1 77m 60 40
PID:37335,Fridge Freezers,255litre built in fridge freezer frost free class a
PID:37336,Fridge Freezers,bosch kin86ad30g/kin86ad30g
PID:37337,Fridge Freezers,bosch kin86ad30g integrated 70/30 frost free fridge freezer white
PID:37338,Fridge Freezers,bosch kan90vi20g serie 4 side by side fridge freezer easyclean stainless steel
PID:37339,Fridge Freezers,bosch kan90vi20g american style fridge freezer non ice water stainless steel
PID:37340,Fridge Freezers,bosch kan90vi20g series 4 side by side fridge freezer s/steel
PID:37341,Fridge Freezers,bosch serie 4 kan90vi20g american style 90cm nofrost fridge freezer with vitafresh graphite
PID:37342,Fridge Freezers,bosch kan90vi20g american style fridge freezer
PID:37343,Fridge Freezers,bosch kan90vi20gb kan90vi20g american fridge freezer
PID:37346,Fridge Freezers,bosch serie 4 free standing american fridge freezer in stainless steel
PID:37347,Fridge Freezers,bosch kan90vi20g serie 4 side by side fridge freezer easyclean stainless steel
PID:37348,Fridge Freezers,bosch kan90vi20g american style fridge freezer st/steel antifingerprnt
PID:37349,Fridge Freezers,573 litre american style class a frost free inox
PID:37350,Fridge Freezers,bosch kan90vi20g/kan90vi20g
PID:37351,Fridge Freezers,bosch kan90vi20g american style fridge freezer
PID:37352,Fridge Freezers,bosch kgn39vl3ag 60cm serie 4 frost free fridge freezer silver
PID:37353,Fridge Freezers,frost free fridge freezer
PID:37354,Fridge Freezers,bosch kgn39vl3ag 60 cm fridge freezer inox
PID:37355,Fridge Freezers,bosch serie 4 free standing fridge freezer frost free in stainless steel effect
PID:37358,Fridge Freezers,bosch serie 4 kgn39vl3ag freestanding fridge freezer stainless steel look frost free
PID:37359,Fridge Freezers,bosch serie 4 kgn39vl3ag nofrost fridge freezer
PID:37360,Fridge Freezers,serie 4 kgn39vl3ag 366 litre no frost fridge freezer
PID:37361,Fridge Freezers,bosch kgn39vl3ag serie 4 60/40 frost free fridge freezer stainless steel
PID:37362,Fridge Freezers,bosch kgn39vl3ag fridge freezer no frost 279 87litres s/steel look
PID:37363,Fridge Freezers,bosch serie 4 kgn39vl3ag freestanding fridge freezer stainless steel look frost free
PID:37364,Fridge Freezers,bosch kgn39vl3ag serie 4 60cm no frost fridge freezer 2 03m a
PID:37365,Fridge Freezers,bosch kgn39vl3ag
PID:37366,Fridge Freezers,bosch kgn39vl3ag serie 4 60/40 frost free fridge freezer stainless steel
PID:37367,Fridge Freezers,bosch kin85af30g 50/50 integrated frost free fridge freezer white
PID:37368,Fridge Freezers,bosch serie 6 kin85af30g 56cm wide frost free 50 50 integrated upright fridge freezer white
PID:37369,Fridge Freezers,frost free integrated fridge freezer
PID:37372,Fridge Freezers,bosch kin85af30g integrated 50/50 fridge freezer
PID:37373,Fridge Freezers,bosch serie 6 integrated fridge freezer frost free in white
PID:37374,Fridge Freezers,bosch kin85af30g built in fridge freezer 50 50 no frost bottom freezer
PID:43442,Fridges,bosch kir24v20gb integrated fridge
PID:43443,Fridges,bosch kir24v20gb built in fridge 122x54 224litres a energy sliding hinge
PID:43444,Fridges,bosch serie 2 kir24v20gb avantixx 54cm wide frost free integrated fridge white
PID:43447,Fridges,bosch serie 4 integrated larder fridge in white
PID:43448,Fridges,224litre integrated larder fridge class a white
PID:43449,Fridges,bosch kir24v20gb integrated classixx larder fridge 224l 1 22m a
PID:43450,Fridges,bosch kir24v20gb built in frost free fridge white
PID:43453,Fridges,neff k4316x7gb integrated undercounter fridge
PID:43454,Fridges,neff k4316x7gb/k4316x7gb
PID:43455,Fridges,neff n50 built under larder fridge in white
PID:43456,Fridges,neff k4316x7gb series 1 60cm wide integrated under counter fridge white
PID:43457,Fridges,built under larder fridge
PID:43458,Fridges,neff k4316x7gb built under larder fridge 80x60cm auto defrost
PID:43459,Fridges,neff k4316x7gb integrated under counter fridge white
PID:43460,Fridges,neff k4316x7gb under counter integrated fridge white
PID:43461,Fridges,neff k4316x7gb built under fridge 0 82m a energy rated
PID:43464,Fridges,bosch serie 4 kir21vs30g integrated fridge
PID:43465,Fridges,bosch serie 4 integrated larder fridge in white
PID:43466,Fridges,built in larder fridge
PID:43467,Fridges,bosch kir21vs30g serie 4 built in single door fridges 88cm height white
PID:43468,Fridges,bosch kir21vs30g built in fridge 87x54 crisper box a sliding hinge
PID:43469,Fridges,bosch kir21vs30g/kir21vs30g
PID:43470,Fridges,bosch kir21vs30g serie 4 fully integrated fridge 0 87m a rated
PID:43471,Fridges,144litre integrated fridge class a
PID:43472,Fridges,bosch kir21vs30g series 4 built in single door fridge white
PID:43473,Fridges,bosch kir21vs30g series 4 built in single door fridge white
PID:43474,Fridges,bosch serie 4 kir21vs30g 54cm wide integrated fridge white
PID:43475,Fridges,bosch kir21vs30g serie 4 built in single door fridges 88cm height white
PID:43476,Fridges,bosch serie 4 kir41vs30g integrated tall fridge
PID:43477,Fridges,bosch serie 4 integrated larder fridge in white
PID:43478,Fridges,built in larder fridge
PID:43481,Fridges,bosch kir41vs30g 122cm integrated fridge white
PID:43482,Fridges,bosch serie 4 kir41vs30g 54cm wide integrated in column fridge white
PID:43483,Fridges,bosch kir41vs30g built in fridge 122x54 crisper box a sliding hinge
PID:43484,Fridges,211litre integrated fridge class a touch control
PID:43485,Fridges,bosch kir41vs30g fully integrated larder fridge 1 22m a
PID:43486,Fridges,bosch kir41vs30g 122cm integrated fridge white
PID:43489,Fridges,bosch kir41af30g integrated tall fridge
PID:43490,Fridges,bosch integrated larder fridge in white
PID:43491,Fridges,bosch kir41af30g 122cm integrated fridge white
PID:43492,Fridges,bosch kir41af30g built in fridge larder 122x54 hydrofresh a fixed hinge
PID:43493,Fridges,bosch kir41af30g built in fridge
PID:43494,Fridges,bosch kir41af30g exxcel fully integrated larder fridge 1 22m a
PID:43495,Fridges,bosch kir41af30g/kir41af30g
PID:43496,Fridges,211litre integrated fridge class a hydrofresh
PID:43497,Fridges,bosch kir41af30g 122cm integrated fridge white
PID:43498,Fridges,bosch kul15a60gb integrated 123l a whitecombi fridge built in white left 123l sn st 38db
PID:43499,Fridges,bosch classixx kul15a60gb integrated undercounter fridge
PID:43500,Fridges,built under fridge with ice box
PID:43501,Fridges,bosch kul15a60gb classixx integrated 82cm under counter fridge white
PID:43502,Fridges,bosch serie 6 kul15a60gb classixx 60cm wide integrated under counter fridge white
PID:43503,Fridges,bosch kul15a60gb built under fridge with ice box 110/15 ltrs fixed hinge
PID:43504,Fridges,bosch kul15a60gb built under fully integrated fridge with ice box 0 82
PID:43505,Fridges,bosch kul15a60gb classixx integrated 82cm under counter fridge white
PID:43506,Fridges,bosch kil42vs30g serie 4 122cm integrated fridge with ice box
PID:43509,Fridges,bosch serie 4 kil42vs30g integrated tall fridge white
PID:43510,Fridges,bosch serie 4 integrated refrigerator in white
PID:43511,Fridges,built in fridge with ice box
PID:43512,Fridges,bosch kil42vs30g built in fridge 4star ice box a sliding hinge
PID:43513,Fridges,bosch kil42vs30g series 4 built in single door fridge white
PID:43514,Fridges,bosch kil42vs30g fully integrated fridge in white with ice box 1 22m a
PID:43515,Fridges,bosch kil42vs30g series 4 built in single door fridge white
PID:43516,Fridges,bosch kil42vs30g serie 4 122cm integrated fridge with ice box
PID:43517,Fridges,hisense rl170d4bc2 55.5cm larder fridge stainless steel effect a
PID:43518,Fridges,hisense rl170d4bc2/rl170d4bc2
PID:43519,Fridges,hisense rl170d4bc2 undercounter refrigerator in stainless steel
PID:43520,Fridges,hisense free standing larder fridge in stainless steel effect
PID:43521,Fridges,hisense rl170d4bc2 56cm wide freestanding under counter fridge stainless steel
PID:43522,Fridges,hisense rl170d4bc2 56cm wide freestanding under counter fridge stainless steel
PID:43523,Fridges,hisense rl170d4bc2 56cm wide freestanding under counter fridge stainless steel
PID:43524,Fridges,hisense rl170d4bc21 under counter fridge stainless steel
PID:43525,Fridges,hisense rl170d4bc2 undercounter larder fridge stainless steel effect a rated
PID:43528,Fridges,hisense rl170d4bc2
PID:43529,Fridges,hisense undercounter larder fridge rl170d4bc2 stainless steel and grey
PID:43530,Fridges,beko lcsm1545w tall larder fridge
PID:43531,Fridges,beko lcsm1545w tall larder fridge white
PID:43532,Fridges,beko lcsm1545w a freestanding tall larder fridge
PID:43533,Fridges,tall larder fridge
PID:43534,Fridges,beko lcsm1545w 55cm tall larder fridge
PID:43535,Fridges,beko lcsm1545w tall larder fridge in white 1 46m w55cm 252l a
PID:43536,Fridges,beko lcsm1545w 55cm tall larder fridge
PID:43537,Fridges,beko lcsm1545w 55cm auto defrost tall larder fridge white a rated
PID:43538,Fridges,beko lcsm1545w
PID:43539,Fridges,beko lcsm1545w 55cm tall larder fridge
PID:43540,Fridges,bosch kir21af30g 88cm integrated built in single door fridge white
PID:43541,Fridges,bosch kir21af30g built in fridge white
PID:43542,Fridges,bosch kir21af30g built in fridge 87x54 hydrofresh box a fixed hinge
PID:43543,Fridges,bosch kir21af30g exxcel fully integrated larder fridge 0 87m a
PID:43544,Fridges,144litre integrated fridge class a
PID:43545,Fridges,bosch serie 6 kir21af30g 56cm wide integrated in column fridge white
PID:43546,Fridges,bosch kir21af30g integrated fridge
PID:43547,Fridges,bosch kir21af30g 88cm integrated built in single door fridge white
PID:43548,Fridges,bosch serie 4 kir21vf30g integrated fridge
PID:43549,Fridges,bosch serie 4 integrated larder fridge in white
PID:43552,Fridges,bosch kir21vf30g serie 4 built in single door fridges 88cm height white
PID:43553,Fridges,bosch kir21vf30g built in fridge 87x54 crisper box a fixed hinge
PID:43554,Fridges,bosch kir21vf30g serie 4 fully integrated fridge 0 87m a rated
PID:43555,Fridges,bosch kir21vf30g series 4 built in single door fridge white
PID:43556,Fridges,bosch kir21vf30g series 4 built in single door fridge white
PID:43557,Fridges,bosch serie 4 kir21vf30g 54cm wide integrated in column fridge white